<?xml version="1.0" encoding="UTF-8"?>
<configuration>
  <include resource="org/springframework/boot/logging/logback/defaults.xml"/>
  <include resource="org/springframework/boot/logging/logback/console-appender.xml"/>

  <timestamp key="LOG_DATE" datePattern="yyyyMMdd"/>
  <property name="LOG_EXT" value=".log"/>
  <property name="ONLINE_LOG_FILE" value="D:/webedi/log/online/online" />


  <appender name="FILE" class="ch.qos.logback.core.rolling.RollingFileAppender">
    <encoder>
      <charset>UTF-8</charset>
      <pattern>${FILE_LOG_PATTERN}</pattern>
    </encoder>
    <file>${ONLINE_LOG_FILE}${LOG_EXT}</file>
    <rollingPolicy class="ch.qos.logback.core.rolling.TimeBasedRollingPolicy">
      <fileNamePattern>${ONLINE_LOG_FILE}-%d{yyyyMMdd}${LOG_EXT}</fileNamePattern>
      <!--<maxHistory>5</maxHistory>-->
    </rollingPolicy>
  </appender>

  <root>
    <appender-ref ref="CONSOLE"/>
    <appender-ref ref="FILE"/>
  </root>
</configuration>